-- phpMyAdmin SQL Dump
-- version 5.0.2
-- https://www.phpmyadmin.net/
--
-- Host: 127.0.0.1
-- Generation Time: Jul 07, 2020 at 05:13 PM
-- Server version: 10.4.11-MariaDB
-- PHP Version: 7.4.5

SET SQL_MODE = "NO_AUTO_VALUE_ON_ZERO";
START TRANSACTION;
SET time_zone = "+00:00";


/*!40101 SET @OLD_CHARACTER_SET_CLIENT=@@CHARACTER_SET_CLIENT */;
/*!40101 SET @OLD_CHARACTER_SET_RESULTS=@@CHARACTER_SET_RESULTS */;
/*!40101 SET @OLD_COLLATION_CONNECTION=@@COLLATION_CONNECTION */;
/*!40101 SET NAMES utf8mb4 */;

--
-- Database: `onmyoji`
--

-- --------------------------------------------------------

--
-- Table structure for table `characters`
--

CREATE TABLE `characters` (
  `id` int(11) NOT NULL,
  `characters_name` varchar(20) DEFAULT NULL,
  `appearance` varchar(50) DEFAULT NULL,
  `rare` varchar(6) DEFAULT NULL,
  `skill_1` varchar(15) DEFAULT NULL,
  `skill_2` varchar(15) DEFAULT NULL,
  `skill_3` varchar(15) DEFAULT NULL,
  `skill_4` varchar(15) DEFAULT NULL
) ENGINE=InnoDB DEFAULT CHARSET=utf8mb4;

--
-- Dumping data for table `characters`
--

INSERT INTO `characters` (`id`, `characters_name`, `appearance`, `rare`, `skill_1`, `skill_2`, `skill_3`, `skill_4`) VALUES
(1, 'Hana  ', 'https://onmyojiguide.com/shikigami-list/flower-bir', 'SSR', NULL, NULL, NULL, NULL),
(2, 'Ichimokuren  ', 'https://onmyojiguide.com/shikigami-list/one-eyed/', 'SSR', NULL, NULL, NULL, NULL),
(3, 'Yoto Hime  ', 'https://onmyojiguide.com/shikigami-list/princess-o', 'SSR', NULL, NULL, NULL, NULL),
(4, 'Aoandon  ', 'https://onmyojiguide.com/shikigami-list/blue-lante', 'SSR', NULL, NULL, NULL, NULL),
(5, 'Ryomen  ', 'https://onmyojiguide.com/shikigami-list/two-faced-', 'SSR', NULL, NULL, NULL, NULL),
(6, 'Ootengu  ', 'https://onmyojiguide.com/shikigami-list/great-teng', 'SSR', NULL, NULL, NULL, NULL),
(7, 'Enma  ', 'https://onmyojiguide.com/shikigami-list/hell-lord/', 'SSR', NULL, NULL, NULL, NULL),
(8, 'Shishio  ', 'https://onmyojiguide.com/shikigami-list/deer-boy/', 'SSR', NULL, NULL, NULL, NULL),
(9, 'Shuten Doji  ', 'https://onmyojiguide.com/shikigami-list/shuten-doj', 'SSR', NULL, NULL, NULL, NULL),
(10, 'Arakawa Lord  ', 'https://onmyojiguide.com/shikigami-list/lord-of-ar', 'SSR', NULL, NULL, NULL, NULL),
(11, 'Ibaraki Doji  ', 'https://onmyojiguide.com/shikigami-list/ibara-doji', 'SSR', NULL, NULL, NULL, NULL),
(12, 'Shiro  ', 'https://onmyojiguide.com/shikigami-list/hakudoshi/', 'SR', NULL, NULL, NULL, NULL),
(13, 'Kuro  ', 'https://onmyojiguide.com/shikigami-list/kurodoshi/', 'SR', NULL, NULL, NULL, NULL),
(14, 'Yaksha  ', 'https://onmyojiguide.com/shikigami-list/yaksa/', 'SR', NULL, NULL, NULL, NULL),
(15, 'Aobozu  ', 'https://onmyojiguide.com/shikigami-list/blue-monk/', 'SR', NULL, NULL, NULL, NULL),
(16, 'Hannya  ', 'https://onmyojiguide.com/shikigami-list/prajna/', 'SR', NULL, NULL, NULL, NULL),
(17, 'Sakura  ', 'https://onmyojiguide.com/shikigami-list/sakura-fai', 'SR', NULL, NULL, NULL, NULL),
(18, 'Jorogumo  ', 'https://onmyojiguide.com/shikigami-list/spider-wom', 'SR', NULL, NULL, NULL, NULL),
(19, 'Kamaitachi  ', 'https://onmyojiguide.com/shikigami-list/kamaitachi', 'SR', NULL, NULL, NULL, NULL),
(20, 'Maestro  ', 'https://onmyojiguide.com/shikigami-list/evil-music', 'SR', NULL, NULL, NULL, NULL),
(21, 'Yumekui  ', 'https://onmyojiguide.com/shikigami-list/dream-eate', 'SR', NULL, NULL, NULL, NULL),
(22, 'Hangan  ', 'https://onmyojiguide.com/shikigami-list/hell-judge', 'SR', NULL, NULL, NULL, NULL),
(23, 'Mouba  ', 'https://onmyojiguide.com/shikigami-list/hell-guide', 'SR', NULL, NULL, NULL, NULL),
(24, 'Puppeteer  ', 'https://onmyojiguide.com/shikigami-list/puppeteer/', 'SR', NULL, NULL, NULL, NULL),
(25, 'Umibozu  ', 'https://onmyojiguide.com/shikigami-list/sea-monk/', 'SR', NULL, NULL, NULL, NULL),
(26, 'Kuro Mujou  ', 'https://onmyojiguide.com/shikigami-list/hell-agent', 'SR', NULL, NULL, NULL, NULL),
(27, 'Shiro Mujou  ', 'https://onmyojiguide.com/shikigami-list/hell-agent', 'SR', NULL, NULL, NULL, NULL),
(28, 'Hone Onna  ', 'https://onmyojiguide.com/shikigami-list/bone-maide', 'SR', NULL, NULL, NULL, NULL),
(29, 'Hououga', 'https://onmyojiguide.com/shikigami-list/phoenix/', 'SR', NULL, NULL, NULL, NULL),
(30, 'Futakuchi  ', 'https://onmyojiguide.com/shikigami-list/two-mouthe', 'SR', NULL, NULL, NULL, NULL),
(31, 'Ubume  ', 'https://onmyojiguide.com/shikigami-list/ubume/', 'SR', NULL, NULL, NULL, NULL),
(32, 'Momiji  ', 'https://onmyojiguide.com/shikigami-list/maple-maid', 'SR', NULL, NULL, NULL, NULL),
(33, 'Youko  ', 'https://onmyojiguide.com/shikigami-list/fox-demon/', 'SR', NULL, NULL, NULL, NULL),
(34, 'Momo  ', 'https://onmyojiguide.com/shikigami-list/peach-fair', 'SR', NULL, NULL, NULL, NULL),
(35, 'Hakuro  ', 'https://onmyojiguide.com/shikigami-list/white-wolf', 'SR', NULL, NULL, NULL, NULL),
(36, 'Yuki Onna  ', 'https://onmyojiguide.com/shikigami-list/snow-maide', 'SR', NULL, NULL, NULL, NULL),
(37, 'Kyonshi Ani  ', 'https://onmyojiguide.com/shikigami-list/jumping-br', 'SR', NULL, NULL, NULL, NULL),
(38, 'Ebisu  ', 'https://onmyojiguide.com/shikigami-list/ebisu/', 'SR', NULL, NULL, NULL, NULL),
(39, 'Vampira  ', 'https://onmyojiguide.com/shikigami-list/princess-v', 'SR', NULL, NULL, NULL, NULL),
(40, 'Inugami  ', 'https://onmyojiguide.com/shikigami-list/inugami/', 'SR', NULL, NULL, NULL, NULL),
(41, 'Kiyohime  ', 'https://onmyojiguide.com/shikigami-list/kiyohime/', 'SR', NULL, NULL, NULL, NULL),
(42, 'Koroka  ', 'https://onmyojiguide.com/shikigami-list/ancient-la', 'R', NULL, NULL, NULL, NULL),
(43, 'Ushi no Toki  ', 'https://onmyojiguide.com/shikigami-list/midnight-m', 'R', NULL, NULL, NULL, NULL),
(44, 'Kubinashi  ', 'https://onmyojiguide.com/shikigami-list/headless/', 'R', NULL, NULL, NULL, NULL),
(45, 'Samurai X  ', 'https://onmyojiguide.com/shikigami-list/soldier-sa', 'R', NULL, NULL, NULL, NULL),
(46, 'Zashiki  ', 'https://onmyojiguide.com/shikigami-list/room-gobli', 'R', NULL, NULL, NULL, NULL),
(47, 'Gaki  ', 'https://onmyojiguide.com/shikigami-list/hunger-gho', 'R', NULL, NULL, NULL, NULL),
(48, 'Ame Onna  ', 'https://onmyojiguide.com/shikigami-list/rain-maide', 'R', NULL, NULL, NULL, NULL),
(49, 'Warrior Soul  ', 'https://onmyojiguide.com/shikigami-list/samurai-sp', 'R', NULL, NULL, NULL, NULL),
(50, 'Kodokushi  ', 'https://onmyojiguide.com/shikigami-list/gu-wizard/', 'R', NULL, NULL, NULL, NULL),
(51, 'Doujo  ', 'https://onmyojiguide.com/shikigami-list/girl-sacri', 'R', NULL, NULL, NULL, NULL),
(52, 'Tesso  ', 'https://onmyojiguide.com/shikigami-list/iron-rat/', 'R', NULL, NULL, NULL, NULL),
(53, 'Kyonshi Imoto  ', 'https://onmyojiguide.com/shikigami-list/jumping-si', 'R', NULL, NULL, NULL, NULL),
(54, 'Kyonshi Ototo  ', 'https://onmyojiguide.com/shikigami-list/jumping-br', 'R', NULL, NULL, NULL, NULL),
(55, 'Tanuki  ', 'https://onmyojiguide.com/shikigami-list/raccoon/', 'R', NULL, NULL, NULL, NULL),
(56, 'Chocho  ', 'https://onmyojiguide.com/shikigami-list/butterfly-', 'R', NULL, NULL, NULL, NULL),
(57, 'Shuzu', 'https://onmyojiguide.com/shikigami-list/shozu/', 'R', NULL, NULL, NULL, NULL),
(58, 'Koi  ', 'https://onmyojiguide.com/shikigami-list/fish-fairy', 'R', NULL, NULL, NULL, NULL),
(59, 'Yamausagi  ', 'https://onmyojiguide.com/shikigami-list/mountain-r', 'R', NULL, NULL, NULL, NULL),
(60, 'Oguna  ', 'https://onmyojiguide.com/shikigami-list/boy-sacrif', 'R', NULL, NULL, NULL, NULL),
(61, 'Kyuumei Neko  ', 'https://onmyojiguide.com/shikigami-list/nine-life-', 'R', NULL, NULL, NULL, NULL),
(62, 'Kusa  ', 'https://onmyojiguide.com/shikigami-list/glowing-gr', 'R', NULL, NULL, NULL, NULL),
(63, 'Kanko  ', 'https://onmyojiguide.com/shikigami-list/pipe-fox/', 'R', NULL, NULL, NULL, NULL),
(64, 'Hitotsume  ', 'https://onmyojiguide.com/shikigami-list/one-eyed-m', 'R', NULL, NULL, NULL, NULL),
(65, 'Mio  ', 'https://onmyojiguide.com/shikigami-list/three-tail', 'R', NULL, NULL, NULL, NULL),
(66, 'Jikikaeru  ', 'https://onmyojiguide.com/shikigami-list/frog-pot/', 'R', NULL, NULL, NULL, NULL),
(67, 'Satori  ', 'https://onmyojiguide.com/shikigami-list/bigfoot/', 'R', NULL, NULL, NULL, NULL),
(68, 'Yamawaro  ', 'https://onmyojiguide.com/shikigami-list/mountain-g', 'R', NULL, NULL, NULL, NULL),
(69, 'Kamikui  ', 'https://onmyojiguide.com/shikigami-list/hair-eater', 'R', NULL, NULL, NULL, NULL),
(70, 'Karasu Tengu  ', 'https://onmyojiguide.com/shikigami-list/crow-tengu', 'R', NULL, NULL, NULL, NULL),
(71, 'Kappa  ', 'https://onmyojiguide.com/shikigami-list/kappa/', 'R', NULL, NULL, NULL, NULL),
(72, 'Umbrella  ', 'https://onmyojiguide.com/shikigami-list/umbrella-g', 'N', NULL, NULL, NULL, NULL),
(73, 'Akashita  ', 'https://onmyojiguide.com/shikigami-list/red-tongue', 'N', NULL, NULL, NULL, NULL),
(74, 'Parasite  ', 'https://onmyojiguide.com/shikigami-list/parasite-g', 'N', NULL, NULL, NULL, NULL),
(75, 'Grave Digger  ', 'https://onmyojiguide.com/shikigami-list/grave-digg', 'N', NULL, NULL, NULL, NULL),
(76, 'Blue Imp  ', 'https://onmyojiguide.com/shikigami-list/ghost-mini', 'N', NULL, NULL, NULL, NULL),
(77, 'Yellow Imp  ', 'https://onmyojiguide.com/shikigami-list/ghost-mini', 'N', NULL, NULL, NULL, NULL),
(78, 'Red Imp  ', 'https://onmyojiguide.com/shikigami-list/ghost-mini', 'N', NULL, NULL, NULL, NULL),
(79, 'Green Imp  ', 'https://onmyojiguide.com/shikigami-list/ghost-mini', 'N', NULL, NULL, NULL, NULL),
(80, 'Hahakigami  ', 'https://onmyojiguide.com/shikigami-list/brusher/', 'N', NULL, NULL, NULL, NULL),
(81, 'Nurikabe  ', 'https://onmyojiguide.com/shikigami-list/stone-wall', 'N', NULL, NULL, NULL, NULL),
(82, 'Lantern Boy  ', 'https://onmyojiguide.com/shikigami-list/lantern-ca', 'N', NULL, NULL, NULL, NULL),
(83, 'Lantern Soul  ', 'https://onmyojiguide.com/shikigami-list/lantern-gh', 'N', NULL, NULL, NULL, NULL),
(84, 'Enenra  ', 'https://onmyojiguide.com/shikigami-list/smoky-maid', 'SR', NULL, NULL, NULL, NULL),
(85, 'Kaguya  ', 'https://onmyojiguide.com/princess-kaguya/', 'SSR', NULL, NULL, NULL, NULL),
(86, 'Susabi  ', 'https://onmyojiguide.com/shikigami-list/kojin/', 'SSR', NULL, NULL, NULL, NULL),
(87, 'Mannendake  ', 'https://onmyojiguide.com/shikigami-list/ancient-ba', 'SR', NULL, NULL, NULL, NULL),
(88, 'Kingyo  ', 'https://onmyojiguide.com/princess-goldfish/', 'SR', NULL, NULL, NULL, NULL),
(89, 'Chin  ', 'https://onmyojiguide.com/shikigami-list/snake-eate', 'SR', NULL, NULL, NULL, NULL),
(90, 'Itsumade  ', 'https://onmyojiguide.com/shikigami-list/death-mour', 'SR', NULL, NULL, NULL, NULL),
(91, 'Hako Shoujo  ', 'https://onmyojiguide.com/shikigami-list/evil-box-m', 'SR', NULL, NULL, NULL, NULL),
(92, 'Higanbana  ', 'https://onmyojiguide.com/shikigami-list/unworldly-', 'SSR', NULL, NULL, NULL, NULL),
(93, 'Komatsu  ', 'https://onmyojiguide.com/shikigami-list/squirrelly', 'SR', NULL, NULL, NULL, NULL),
(94, 'Usagi  ', 'https://onmyojiguide.com/shikigami-list/rabbit-kid', 'R', NULL, NULL, NULL, NULL),
(95, 'Bukkuman  ', 'https://onmyojiguide.com/shikigami-list/bookman/', 'SR', NULL, NULL, NULL, NULL),
(96, 'Yuki', 'https://onmyojiguide.com/shikigami-list/yuki/', 'SSR', NULL, NULL, NULL, NULL),
(97, 'Hozuki  ', 'https://onmyojiguide.com/shikigami-list/hozuki/', 'SSR', NULL, NULL, NULL, NULL),
(98, 'Oko  ', 'https://onmyojiguide.com/shikigami-list/oko/', 'SR', NULL, NULL, NULL, NULL),
(99, 'Maki & Karashi  &', 'https://onmyojiguide.com/peach-karashi/', 'R', NULL, NULL, NULL, NULL),
(100, 'Kosodenote  ', 'https://onmyojiguide.com/shikigami-list/kosodenote', 'R', NULL, NULL, NULL, NULL),
(101, 'Oitsuki  ', 'https://onmyojiguide.com/shikigami-list/oitsuki/', 'SR', NULL, NULL, NULL, NULL),
(102, 'Medicine Seller  ', 'https://onmyojiguide.com/shikigami-list/medicine-s', 'SSR', NULL, NULL, NULL, NULL),
(103, 'Juzu  ', 'https://onmyojiguide.com/shikigami-list/juzu/', 'R', NULL, NULL, NULL, NULL),
(104, 'Kisei  ', 'https://onmyojiguide.com/shikigami-list/kisei/', 'SR', NULL, NULL, NULL, NULL),
(105, 'Inuyasha  ', 'https://onmyojiguide.com/shikigami-list/inuyasha/', 'SSR', NULL, NULL, NULL, NULL),
(106, 'Sesshomaru  ', 'https://onmyojiguide.com/sesshomaru/', 'SSR', NULL, NULL, NULL, NULL),
(107, 'Tamamonomae  ', 'https://onmyojiguide.com/shikigami-list/tamamonoma', 'SSR', NULL, NULL, NULL, NULL),
(108, 'Dodomeki  ', 'https://onmyojiguide.com/shikigami-list/dodomeki/', 'SR', NULL, NULL, NULL, NULL),
(109, 'hiyoribo', 'https://onmyojiguide.com/shikigami-list/hiyoribo/', 'SR', NULL, NULL, NULL, NULL),
(110, 'Miketsu  ', 'https://onmyojiguide.com/shikigami-list/miketsu/', 'SSR', NULL, NULL, NULL, NULL),
(111, 'Onikiri  ', 'https://onmyojiguide.com/shikigami-list/onikiri/', 'SSR', NULL, NULL, NULL, NULL),
(112, 'Yamakaze  ', 'https://onmyojiguide.com/shikigami-list/yamakaze/', 'SSR', NULL, NULL, NULL, NULL),
(113, 'Kikyo  ', 'https://onmyojiguide.com/shikigami-list/kikyo/', 'SSR', NULL, NULL, NULL, NULL),
(114, 'Hakuzosu  ', 'https://onmyojiguide.com/shikigami-list/hakosozu/', 'SSR', NULL, NULL, NULL, NULL),
(115, 'Jr. Ootengu  ', 'https://onmyojiguide.com/shikigami-list/jr-ootengu', 'SP', NULL, NULL, NULL, NULL),
(116, 'Menreiki  ', 'https://onmyojiguide.com/shikigami-list/menreiki/', 'SSR', NULL, NULL, NULL, NULL),
(117, 'Kujira  ', 'https://onmyojiguide.com/kujira/', 'SR', NULL, NULL, NULL, NULL),
(118, 'Ungaikyo  ', 'https://onmyojiguide.com/shikigami-ungaikyo/', 'SSR', NULL, NULL, NULL, NULL),
(119, 'Otakemaru', 'https://onmyojiguide.com/shikigami-otakemaru/', 'SSR', NULL, NULL, NULL, NULL),
(120, 'Hoshiguma Doji', 'https://onmyojiguide.com/shikigami-hoshiguma-doji/', 'SR', NULL, NULL, NULL, NULL),
(121, 'Inferno Ibaraki Doji', 'https://onmyojiguide.com/shikigami-inferno-ibaraki', 'SP', NULL, NULL, NULL, NULL),
(122, 'Divine Miketsu', 'https://onmyojiguide.com/shikigami-divine-miketsu/', 'SP', NULL, NULL, NULL, NULL),
(123, 'Azurestorm Ichimokur', 'https://onmyojiguide.com/shikigami-azurestorm-ichi', 'SP', NULL, NULL, NULL, NULL),
(124, 'Crimson Yoto', 'https://onmyojiguide.com/shikigami-crimson-yoto/', 'SP', NULL, NULL, NULL, NULL),
(125, 'Shiranui', 'https://onmyojiguide.com/shikigami-shiranui/', 'SSR', NULL, NULL, NULL, NULL),
(126, 'Vengeful Hannya', 'https://onmyojiguide.com/shikigami-vengeful-hannya', 'SP', NULL, NULL, NULL, NULL),
(127, 'Kidomaru', 'https://onmyojiguide.com/shikigami-kidomaru/', 'SSR', NULL, NULL, NULL, NULL),
(128, 'Onikiri Reforged', 'https://onmyojiguide.com/shikigami-onikiri-reforge', 'SP', NULL, NULL, NULL, NULL),
(129, 'Seawatch Kingyo', 'https://onmyojiguide.com/shikigami-seawatch-kingyo', 'SP', NULL, NULL, NULL, NULL),
(130, 'Orochi', 'https://onmyojiguide.com/shikigami-orochi/', 'SSR', NULL, NULL, NULL, NULL),
(131, 'Waverider Lord Araka', 'https://onmyojiguide.com/shikigami-waverider-lord-', 'SP', NULL, NULL, NULL, NULL),
(132, 'Blazing Tamamonomae', 'https://onmyojiguide.com/blazing-tamamonomae/', 'SP', NULL, NULL, NULL, NULL),
(133, 'Takiyashahime', 'https://onmyojiguide.com/shikigami-takiyashahime/', 'SSR', NULL, NULL, NULL, NULL),
(134, 'Demoniac Shuten Doji', 'https://onmyojiguide.com/shikigami-demoniac-shuten', 'SP', NULL, NULL, NULL, NULL),
(135, 'Enmusubi', 'https://onmyojiguide.com/shikigami-enmusubi/', 'SSR', NULL, NULL, NULL, NULL),
(136, 'Nekomata', 'https://onmyojiguide.com/shikigami-nekomata/', 'SR', NULL, NULL, NULL, NULL),
(137, 'Mushishi', 'https://onmyojiguide.com/mushishi/', 'R', NULL, NULL, NULL, NULL),
(138, 'Kaoru', 'https://onmyojiguide.com/kaoru/', 'SR', NULL, NULL, NULL, NULL),
(139, 'Okikumushi', 'https://onmyojiguide.com/shikigami-okikumushi/', 'SR', NULL, NULL, NULL, NULL),
(140, 'Okuribito', 'https://onmyojiguide.com/shikigami-okuribito/', 'SR', NULL, NULL, NULL, NULL),
(141, 'Tenjokudari', 'https://onmyojiguide.com/shikigami-tenjo-kudari/', 'R', NULL, NULL, NULL, NULL),
(142, 'Bakekujira', 'https://onmyojiguide.com/shikigami-bake-kujira/', 'SR', NULL, NULL, NULL, NULL),
(143, 'Kainin', 'https://onmyojiguide.com/shikigami-kainin/', 'SR', NULL, NULL, NULL, NULL),
(144, 'Kanihime', 'https://onmyojiguide.com/shikigami-kanihime/', 'SR', NULL, NULL, NULL, NULL),
(145, 'Kamimai', 'https://onmyojiguide.com/shikigami-kamimai/', 'SR', NULL, NULL, NULL, NULL),
(146, 'Jinmenju', 'https://onmyojiguide.com/shikigami-jinmenju/', 'SR', NULL, NULL, NULL, NULL),
(147, 'Black Panther', NULL, NULL, NULL, NULL, NULL, NULL),
(148, 'Zombie Dog', NULL, NULL, NULL, NULL, NULL, NULL);

-- --------------------------------------------------------

--
-- Table structure for table `guide`
--

CREATE TABLE `guide` (
  `id_char` int(11) NOT NULL,
  `role_char` varchar(15) DEFAULT NULL,
  `id_soul` int(11) NOT NULL,
  `soul_2` varchar(11) DEFAULT NULL,
  `soul_4` varchar(11) DEFAULT NULL,
  `soul_6` varchar(11) DEFAULT NULL
) ENGINE=InnoDB DEFAULT CHARSET=utf8mb4;

--
-- Dumping data for table `guide`
--

INSERT INTO `guide` (`id_char`, `role_char`, `id_soul`, `soul_2`, `soul_4`, `soul_6`) VALUES
(6, 'DPS', 16, 'ATK%', 'ATK%', 'Crit'),
(11, 'DPS', 19, 'ATK%', 'ATK%', 'Crit'),
(17, 'Healer', 20, 'HP%', 'HP%', 'Crit'),
(19, 'Puller', 23, 'SPD', 'HP%', 'HP%'),
(26, 'DPS', 19, 'ATK%', 'ATK%', 'Crit DMG'),
(41, 'DMG Amplifier', 22, 'SPD', 'Effect HIT', 'HP%'),
(43, 'DMG Amplifier', 30, 'SPD', 'Effect HIT', 'HP%'),
(46, 'Orb provider', 7, NULL, NULL, NULL),
(59, 'Puller', 23, 'SPD', 'HP%', 'HP%'),
(62, 'Healer', 13, 'ATK%', 'ATK%', 'Crit'),
(85, 'Orb provider', 6, 'HP%', 'HP%', 'HP%'),
(95, 'DMG Amplifier', 23, 'HP%', 'HP%', 'HP%'),
(101, 'Orb provider', 23, 'SPD', 'HP%', 'HP%'),
(107, 'DPS', 19, 'ATK%', 'ATK%', 'Crit'),
(109, 'Healer', 13, 'HP%', 'HP%', 'Crit'),
(115, 'DPS', 16, 'ATK%', 'ATK%', 'Crit'),
(121, 'DPS', 19, 'ATK%', 'ATK%', 'Crit'),
(132, 'DPS', 16, 'ATK%', 'ATK%', 'Crit'),
(135, 'DMG Amplifier', 23, 'HP%', 'HP%', 'Crit'),
(144, 'DPS', 19, 'ATK%', 'ATK%', 'Crit');

-- --------------------------------------------------------

--
-- Table structure for table `soul`
--

CREATE TABLE `soul` (
  `id` int(11) NOT NULL,
  `soul_name` varchar(20) DEFAULT NULL,
  `soul_type` varchar(20) DEFAULT NULL,
  `combo_1` varchar(150) DEFAULT NULL,
  `combo_2` varchar(150) DEFAULT NULL,
  `combo_4` varchar(350) DEFAULT NULL
) ENGINE=InnoDB DEFAULT CHARSET=utf8mb4;

--
-- Dumping data for table `soul`
--

INSERT INTO `soul` (`id`, `soul_name`, `soul_type`, `combo_1`, `combo_2`, `combo_4`) VALUES
(1, 'Senecio  ', 'normal', NULL, 'Effect RES +15%', '25% chance (-60% on taunted targets) to inflict a random dazing effect on target upon receiving damage; Multi-damage only triggers once'),
(2, 'Soul Edge  ', 'normal', NULL, 'HP + 15%', '50% chance to decrease 20% of one ST damage to an ally, plus share 50% of the damage'),
(3, 'Tree Nymph  ', 'normal', NULL, 'Def +30%', '25% chance (-60% on taunted targets) to remove 1 orb when an ally receives damage; Multi-damage only triggers once'),
(4, 'Dice Sprite  ', 'normal', NULL, 'Effect RES +15%', 'When resist activates, RT normal attack w/ +50% damage'),
(5, 'Mimic  ', 'normal', NULL, 'Effect RES +15%', '25% chance (+ Effect HIT) to inflict a random debuff on target upon inflicting damage'),
(6, 'Sea Spirite  ', 'normal', NULL, 'Effect HIT +15%', 'Produces a shield at the start of battle that lasts 1 turn.  The shield lets all allies absorb damage equal to 10% of their HP'),
(7, 'Azure Basan  ', 'normal', NULL, 'Effect HIT +15%', '3 additional orb at start of each battle'),
(8, 'Jizo Statue  ', 'normal', NULL, 'HP + 15%', 'Upon receiving critical damage, generate a shield that absorb damage equal to 10% of max HP; 30% chance to cast shields on other team members; reduce 60% proc chance when attacked by provoked enemies'),
(9, 'Holy Flame  ', 'normal', NULL, 'HP + 15%', 'If HP is less than 30% at the end of a turn, restores HP by 15%'),
(10, 'Boroboroton  ', 'normal', NULL, 'HP + 15%', 'Damage taken decreases by 30%'),
(11, 'Mirror Lady  ', 'normal', NULL, 'HP + 15%', '30% chance to reflect 100% of damage received; reduce 60% proc chance when attacked by provoked enemies'),
(12, 'Priestess  ', 'normal', NULL, 'HP + 15%', '8% chance to inflict Daze (stun) upon damaging target'),
(13, 'Tree Spirit  ', 'normal', NULL, 'HP + 15%', 'Increases all healing effects by 20%'),
(14, 'Fenikkusu  ', 'normal', NULL, 'Critical % + 15%', 'Recover HP by 15% and increase ATK by 15% upon defeating an enemy'),
(15, 'Tomb Guard  ', 'normal', NULL, 'Critical % + 15%', 'Gain 0.6% Crit DMG for every 1% HP lost'),
(16, 'Seductress  ', 'normal', NULL, 'Critical % + 15%', 'When inflicting critical damage, 40% chance to deal damage equal to 10% of the target\'s max HP; max damage dealt is 120% of own ATK;  Seductress can benefit from arena buffs but not other buffs.'),
(17, 'Shamisen  ', 'normal', NULL, 'Critical % + 15%', 'Increases SPD of controlled allies by 30 (including self)'),
(18, 'Claws  ', 'normal', NULL, 'Critical % + 15%', 'Critical DMG ignores 20% of target\'s DEF'),
(19, 'Shadow  ', 'normal', NULL, 'Critical % + 15%', 'Deals an extra 40% damage against units with more than 70% HP'),
(20, 'Pearl  ', 'normal', NULL, 'Def +30%', 'When healing allies, casts a shield that absorbs damage equal to 25% f the HP healed.  The shield lasts 1 turn.'),
(21, 'Temptress  ', 'normal', NULL, 'Def +30%', 'Grants a 25% (+ Effect HIT) chance of inflicting Confuse on the target when dealing damage'),
(22, 'Snow Spirit  ', 'normal', NULL, 'Def +30%', 'Grants a 12% (+ Effect HIT) chance of inflicting Freeze on the target when dealing damage'),
(23, 'Fortune Cat  ', 'normal', NULL, 'Def +30%', 'Grants a 50% chance of gaining 2 orbs at the start of a turn'),
(24, 'Shy Soul  ', 'normal', NULL, 'Def +30%', 'Grants a 20% (+ Effect HIT) chance of inflicting Sleep on the target for 1 turn when dealing damage'),
(25, 'Dawn Fairy  ', 'normal', NULL, 'Def +30%', 'Grants 20% chance (increased by 10% when target has a buff) to delay target\'s move bar by 30% when dealing damage'),
(26, 'Nightwing  ', 'normal', NULL, 'Attack +15%', 'Converts 20% of damage dealt into HP'),
(27, 'Soultaker  ', 'normal', NULL, 'Attack +15%', 'Grants 20% chanc of gaining 1 extra move after performing an action'),
(28, 'Scarlet  ', 'normal', NULL, 'Attack +15%', '35% to counter with normal attack upon receiving damage; reduce 60% proc chance when attacked by provoked enemies'),
(29, 'House Imp  ', 'normal', NULL, 'Attack +15%', 'Deal additional 30% damage when the target is in a controlled state (frozen, stun, sleep, etc)'),
(30, 'Watcher  ', 'normal', NULL, 'Attack +15%', 'Deal 50% more damage on enemie withs less than 30% hp'),
(31, 'Harpy  ', 'normal', NULL, 'Attack +15%', 'Gain 3 orbs upon defeating an enemy'),
(32, 'Kyoukotsu  ', 'normal', NULL, 'Attack +15%', 'Grants an extra 8% damage for each orb in your possession when you deal damage'),
(33, 'Yamabiko  ', 'normal', NULL, 'Effect RES +15%', 'Grants a 50% chance of reflecting a controlling effect (Daze, Silence, Freeze, Confuse, Morph, Taunt, and Sleep) back to the enemy'),
(34, 'Odokuro  ', 'boss', 'Random Stat 8% (DEF bonus 16%, except SPD and Crit DMG)', '1-set: Random Stat 8% (DEF bonus 16%, except SPD and Crit DMG)', '2-set Unique Passive: Increase damage to monsters by 10%.  If received damage before this round\'s action, effect increase to 25%'),
(35, 'Namazu  ', 'boss', 'Random Stat 8% (DEF bonus 16%, except SPD and Crit DMG)', '1-set: Random Stat 8% (DEF bonus 16%, except SPD and Crit DMG)', '2-set Unique Passive: Grants 60% damage reduction against monsters\' attacks.  Each attack taken will transfer 6% of damage reduction to 1.5% damage bonus (Multiple attacks only trigger once)'),
(36, 'Tsuchigumo  ', 'boss', 'Random Stat 8% (DEF bonus 16%, except SPD and Crit DMG)', 'Random Stat 8% (DEF bonus 16%, except SPD and Crit DMG)', '2-set Unique Passive: Attacking monsters inflicts a Poison mark (3 layers max) on them that reduces their SPD by 10% and inflicts 25% of total damage received at the end of their turns.'),
(37, 'Oboroguruma  ', 'boss', 'Random Stat 8% (DEF bonus 16%, except SPD and Crit DMG)', '1-set: Random Stat 8% (DEF bonus 16%, except SPD and Crit DMG)', '2-set Unique Passive: Grants a 50% chance of raising the Move Bar by 30% when attacked by monsters (Multiple attacks only trigger once)'),
(38, 'Shinkirou  ', 'boss', 'Random Stat 8% (DEF bonus 16%, except SPD and Crit DMG)', '1-set: Random Stat 8% (DEF bonus 16%, except SPD and Crit DMG)', '2-set Unique Passive: Creates a shield that negates any monster controlling effects (Daze, Silence, Frozen, Confuse, etc.) once.  Regenerates in 5 turns.'),
(39, 'Hyosube', 'normal', NULL, 'Attack +15%', 'When the turn ends, gain a Piercing Arrow (buff, status) stack,  stacking up to 3 times. When dealing damage each stack reduces the DEF of the targets by 75		'),
(40, 'Aonyobo', 'normal', NULL, ' +15% critical', 'When taking leathal damage for the first time, removes all buffs and debuffs, recoveres HP by 100% and inflicts frozen on self for 1 turn.  When under Frozen, DEF is increased by 100% and gains immunity to all debuffs.  If survived the Frozen, recovers HP by 100% again. Triggers only once each round.		'),
(41, 'Enshyoujo', 'normal', NULL, ' +15% effect hit', 'When inflicting debuffs, ignores target\'s overall Effect RES by 30%'),
(42, 'Nuribotoke', 'normal', NULL, ' +15% HP', 'Effective exclusively.  Increases the Effect RES and damage of all allies by 15% (doubled for the equipped unit) at the end of a turn if the equipped unit launched a normal attack or was unable to take actions in the turn.  Sustainable for 2 turns.'),
(43, 'Ghostly Songstress', 'boss', 'Random Stat 8% (DEF bonus 16%, except SPD and Crit DMG)', '1-set: Random Stat 8% (DEF bonus 16%, except SPD and Crit DMG)', '2 set Exclusive effect.  After dealing damage to a monster 5 times, the next attack to a monster inflicts damage equal to 20% of it\'s max HP, ignoring it\'s DEF, to a max of 255% of own ATK.'),
(44, 'Cyan Imp  ', NULL, NULL, 'NA', 'NA');

-- --------------------------------------------------------

--
-- Table structure for table `wanted_quest`
--

CREATE TABLE `wanted_quest` (
  `id_char` int(11) NOT NULL,
  `place` varchar(70) NOT NULL,
  `no_yokai` int(11) DEFAULT NULL,
  `hint` varchar(50) DEFAULT NULL
) ENGINE=InnoDB DEFAULT CHARSET=utf8mb4;

--
-- Dumping data for table `wanted_quest`
--

INSERT INTO `wanted_quest` (`id_char`, `place`, `no_yokai`, `hint`) VALUES
(6, 'Aoandon\'s Tale Stage', 1, '  Feather   Flute   Fan   Big Wings  Wind'),
(6, 'Chapter 15', 1, '  Feather   Flute   Fan   Big Wings  Wind'),
(6, 'Chapter 18', 2, '  Feather   Flute   Fan   Big Wings  Wind'),
(6, 'Ootengu Secret', 3, '  Feather   Flute   Fan   Big Wings  Wind'),
(6, 'Raid', 0, '  Feather   Flute   Fan   Big Wings  Wind'),
(6, 'Riverside Tales5', 1, '  Feather   Flute   Fan   Big Wings  Wind'),
(6, 'Secret of the Evil Blade', 1, '  Feather   Flute   Fan   Big Wings  Wind'),
(6, 'Shshio\'s Wake', 1, '  Feather   Flute   Fan   Big Wings  Wind'),
(6, 'Soul - Stage Four', 3, '  Feather   Flute   Fan   Big Wings  Wind'),
(6, 'Umbrellas Guard', 1, '  Feather   Flute   Fan   Big Wings  Wind'),
(6, 'Wraith of Arakawa', 1, '  Feather   Flute   Fan   Big Wings  Wind'),
(7, 'Chapter 28', 1, '  Cloud  Ghost Mask  Hell'),
(7, 'Higabana Secret', 1, '  Cloud  Ghost Mask  Hell'),
(7, 'Kappa Secret', 1, '  Cloud  Ghost Mask  Hell'),
(7, 'Soul - Stage Six', 1, '  Cloud  Ghost Mask  Hell'),
(7, 'Vampira\'s Secret  Stage', 1, '  Cloud  Ghost Mask  Hell'),
(9, 'Chapter 10', 2, ''),
(9, 'Chapter 22', 1, ''),
(9, 'Maple\'s Bond', 1, ''),
(9, 'Raid/PVP', 0, ''),
(9, 'Soul - Stage Seven/Ten', 1, ''),
(9, 'Tip of the Storm', 1, ''),
(9, 'Umbrella\'s Guard', 2, ''),
(10, 'Chapter 17', 1, ''),
(10, 'Kappa Secret', 2, ''),
(10, 'Soul - Stage Seven', 2, ''),
(10, 'Vampira\'s Secret (unreleased) Stage', 1, ''),
(10, 'Wraith of Arakawa', 1, ''),
(17, 'Chapter 8', 2, ''),
(17, 'Kiyohime Secret', 4, ''),
(17, 'Riverside Tales1', 1, ''),
(17, 'Secret of the Evil Blad', 1, ''),
(17, 'Summer Poem', 1, ''),
(17, 'Umbrella\'s Guard', 1, ''),
(17, 'Umibozu\'s Secret Stage', 3, ''),
(17, 'Youko\'s Secret  Stage', 1, ''),
(19, 'Aoandon\'s Tale Stage', 1, '  Hammer  plow  KatanaRakeSword'),
(19, 'Challenge', 32, '  Hammer  plow  KatanaRakeSword'),
(19, 'Kappa Secret', 1, '  Hammer  plow  KatanaRakeSword'),
(19, 'Ootengu Secret', 1, '  Hammer  plow  KatanaRakeSword'),
(19, 'Raid/PVP', 0, '  Hammer  plow  KatanaRakeSword'),
(19, 'Soul - Stage Five', 1, '  Hammer  plow  KatanaRakeSword'),
(19, 'Summer Poem', 7, '  Hammer  plow  KatanaRakeSword'),
(19, 'Umbrella\'s Guard', 1, '  Hammer  plow  KatanaRakeSword'),
(19, 'Umibozu\'s Secret (unreleased) Stage', 1, '  Hammer  plow  KatanaRakeSword'),
(21, 'Aoandon\'s Tale Stage', 1, '  Bell  Nightmare'),
(21, 'Chapter 14', 6, '  Bell  Nightmare'),
(21, 'Riverside Tales2', 1, '  Bell  Nightmare'),
(21, 'Shshio\'s Wake', 1, '  Bell  Nightmare'),
(21, 'Soul - Stage Four', 3, '  Bell  Nightmare'),
(21, 'Youko\'s Secret (unreleased) Stage', 1, '  Bell  Nightmare'),
(22, 'Ame Onna Secret5', 1, ''),
(22, 'Chapter 16', 1, ''),
(22, 'Chapter 28', 2, ''),
(22, 'Kappa Secret', 1, ''),
(22, 'Shshio\'s Wake', 1, ''),
(22, 'Soul - Stage Eight', 1, ''),
(22, 'Summer Poem', 2, ''),
(22, 'Ubume Secret', 5, ''),
(22, 'Umibozu\'s Secret  Stage', 1, ''),
(22, 'Vampira\'s Secret Stage', 1, ''),
(22, 'Yoto Hime Secret', 1, ''),
(23, 'Aoandon\'s Tale Stage', 1, '  Soup Bowl   Guitar   Teeth'),
(23, 'Chapter 23', 1, '  Soup Bowl   Guitar   Teeth'),
(23, 'Chapter 9', 2, '  Soup Bowl   Guitar   Teeth'),
(23, 'Riverside Tales3', 1, '  Soup Bowl   Guitar   Teeth'),
(23, 'Shshio\'s Wake', 2, '  Soup Bowl   Guitar   Teeth'),
(23, 'Soul - Stage Five', 3, '  Soup Bowl   Guitar   Teeth'),
(23, 'Summer Poem', 1, '  Soup Bowl   Guitar   Teeth'),
(23, 'Ubume Secret', 6, '  Soup Bowl   Guitar   Teeth'),
(23, 'Vampira\'s Secret (unreleased) Stage', 2, '  Soup Bowl   Guitar   Teeth'),
(23, 'Youko\'s Secret (unreleased) Stage', 1, '  Soup Bowl   Guitar   Teeth'),
(24, 'Chapter 10', 2, '  Puppet  Control'),
(24, 'Chapter 23', 2, '  Puppet  Control'),
(24, 'Chapter 27', 3, '  Puppet  Control'),
(24, 'Chapter 28', 3, '  Puppet  Control'),
(24, 'Secret of the Evil Blade', 1, '  Puppet  Control'),
(24, 'Shshio\'s Wake', 1, '  Puppet  Control'),
(24, 'Soul - Stage Five', 1, '  Puppet  Control'),
(24, 'Vampira\'s Secret Stage', 2, '  Puppet  Control'),
(24, 'Youko\'s Secret  Stage', 2, '  Puppet  Control'),
(25, 'Arakawa Secret', 6, '  Fisherman   Sea   Beard   StaffMustacheCane'),
(25, 'Chapter 12', 1, '  Fisherman   Sea   Beard   StaffMustacheCane'),
(25, 'Chapter 24', 3, '  Fisherman   Sea   Beard   StaffMustacheCane'),
(25, 'Chapter 27', 3, '  Fisherman   Sea   Beard   StaffMustacheCane'),
(25, 'Demon Seal', 3, '  Fisherman   Sea   Beard   StaffMustacheCane'),
(25, 'Kappa\'s Secret', 3, '  Fisherman   Sea   Beard   StaffMustacheCane'),
(25, 'Shshio\'s Wake', 2, '  Fisherman   Sea   Beard   StaffMustacheCane'),
(25, 'Soul - Stage Three', 1, '  Fisherman   Sea   Beard   StaffMustacheCane'),
(25, 'Summer Poem', 3, '  Fisherman   Sea   Beard   StaffMustacheCane'),
(25, 'Umibozu\'s Secret  Stage', 1, '  Fisherman   Sea   Beard   StaffMustacheCane'),
(25, 'Vampira\'s Secret  Stage', 2, '  Fisherman   Sea   Beard   StaffMustacheCane'),
(25, 'Youko\'s Secret Stage', 1, '  Fisherman   Sea   Beard   StaffMustacheCane'),
(26, 'Aoandon\'s Tale Stage', 1, '  Black Scythe   daggerTanto Sword'),
(26, 'Chapter 16', 1, '  Black Scythe   daggerTanto Sword'),
(26, 'Chapter 24', 2, '  Black Scythe   daggerTanto Sword'),
(26, 'Demon Seal', 3, '  Black Scythe   daggerTanto Sword'),
(26, 'Kappa Secret', 3, '  Black Scythe   daggerTanto Sword'),
(26, 'Soul - Stage Four', 1, '  Black Scythe   daggerTanto Sword'),
(26, 'Summer Poem', 1, '  Black Scythe   daggerTanto Sword'),
(26, 'Vampira\'s Secret (unreleased) Stage', 1, '  Black Scythe   daggerTanto Sword'),
(26, 'Yoto Hime Secret', 1, '  Black Scythe   daggerTanto Sword'),
(27, 'Ame Onna', 2, '  Hell   White   Take life'),
(27, 'Aoandon\'s Tale Stage', 1, '  Hell   White   Take life'),
(27, 'Chapter 16', 1, '  Hell   White   Take life'),
(27, 'Chapter 24', 2, '  Hell   White   Take life'),
(27, 'Ootengu\'s Secret', 2, '  Hell   White   Take life'),
(27, 'Riverside Tales4', 1, '  Hell   White   Take life'),
(27, 'Secret of the Evil Blade', 1, '  Hell   White   Take life'),
(27, 'Soul - Stage Four', 1, '  Hell   White   Take life'),
(27, 'Summer Poem', 1, '  Hell   White   Take life'),
(27, 'Umbrella\'s Guard', 1, '  Hell   White   Take life'),
(27, 'Vampira\'s Secret (unreleased) Stage', 3, '  Hell   White   Take life'),
(28, 'Ame Onna Secret11', 4, '  Bone  Hatred  Sword'),
(28, 'Aoandon\'s Tale Stage', 1, '  Bone  Hatred  Sword'),
(28, 'Chapter 10', 2, '  Bone  Hatred  Sword'),
(28, 'Chapter 11', 1, '  Bone  Hatred  Sword'),
(28, 'Chapter 13', 1, '  Bone  Hatred  Sword'),
(28, 'Chapter 17', 1, '  Bone  Hatred  Sword'),
(28, 'Chapter 23', 1, '  Bone  Hatred  Sword'),
(28, 'Chapter 24', 1, '  Bone  Hatred  Sword'),
(28, 'Chapter 25', 1, '  Bone  Hatred  Sword'),
(28, 'Demon Seal', 3, '  Bone  Hatred  Sword'),
(28, 'Kiyohime Secret', 4, '  Bone  Hatred  Sword'),
(28, 'Maple\'s Bond', 1, '  Bone  Hatred  Sword'),
(28, 'Secret of the Evil Blade', 1, '  Bone  Hatred  Sword'),
(28, 'Soul - Stage Five', 3, '  Bone  Hatred  Sword'),
(28, 'Summer Poem', 2, '  Bone  Hatred  Sword'),
(28, 'Vampira\'s Secret  Stage', 2, '  Bone  Hatred  Sword'),
(28, 'Youko\'s Secret  Stage', 1, '  Bone  Hatred  Sword'),
(29, 'Aoandon\'s Tale Stage', 1, ''),
(29, 'Chapter 20', 1, ''),
(29, 'Chapter 3', 1, ''),
(29, 'Demon Encounter', 3, ''),
(29, 'Riverside Tales3', 1, ''),
(29, 'Soul - Stage Seven', 1, ''),
(29, 'Umbrella\'s Guard', 1, ''),
(29, 'Umibozu\'s Secret (unreleased) Stage', 1, ''),
(32, 'Chapter 11', 2, '  A beautiful fairy  Accessories'),
(32, 'Higabana Secret', 4, '  A beautiful fairy  Accessories'),
(32, 'Momiji Secret', 1, '  A beautiful fairy  Accessories'),
(32, 'Riverside Tales2', 1, '  A beautiful fairy  Accessories'),
(32, 'Summer Poem', 2, '  A beautiful fairy  Accessories'),
(32, 'Vampira\'s Secret  Stage', 2, '  A beautiful fairy  Accessories'),
(32, 'Youko\'s Secret Stage', 2, '  A beautiful fairy  Accessories'),
(33, 'Aoandon\'s Tale Stage', 1, '  Paper Fan   Scholar  Mask'),
(33, 'Chapter Seven', 2, '  Paper Fan   Scholar  Mask'),
(33, 'Kamaitachi Secret', 3, '  Paper Fan   Scholar  Mask'),
(33, 'Ootengu Secret', 4, '  Paper Fan   Scholar  Mask'),
(33, 'Riverside Tales3', 1, '  Paper Fan   Scholar  Mask'),
(33, 'Secret of the Evil Blade', 2, '  Paper Fan   Scholar  Mask'),
(33, 'Soul - Stage Two', 2, '  Paper Fan   Scholar  Mask'),
(33, 'Vampira\'s Secret (unreleased) Stage', 1, '  Paper Fan   Scholar  Mask'),
(33, 'Youko\'s Secret (unreleased) Stage', 1, '  Paper Fan   Scholar  Mask'),
(34, 'Aoandon\'s Tale Stage', 1, '  Flower  Dance'),
(34, 'Chapter 8', 1, '  Flower  Dance'),
(34, 'Maple\'s Bond', 1, '  Flower  Dance'),
(34, 'Ootengu\'s Secret', 5, '  Flower  Dance'),
(34, 'Riverside Tales4', 3, '  Flower  Dance'),
(34, 'Secret of the Evil Blade', 1, '  Flower  Dance'),
(34, 'Shshio\'s Wake', 1, '  Flower  Dance'),
(34, 'Soul - Stage Three', 1, '  Flower  Dance'),
(34, 'Umbrella\'s Guard', 3, '  Flower  Dance'),
(34, 'Wraith of Arakawa', 1, '  Flower  Dance'),
(34, 'Youko\'s Secret (unreleased) Stage', 1, '  Flower  Dance'),
(36, 'Chapter 12', 3, ''),
(36, 'Chapter 8', 1, ''),
(36, 'Maple\'s Bond', 1, ''),
(36, 'Ootengu', 1, ''),
(36, 'Shshio\'s Wake', 1, ''),
(36, 'Wraith of Arakawa', 4, ''),
(36, 'Youko\'s Secret Stage', 1, ''),
(36, 'Yuki\'s Secret', 5, ''),
(37, 'Aoandon\'s Tale Stage', 3, '  Candles  Coffins'),
(37, 'Chapter 10', 1, '  Candles  Coffins'),
(37, 'Chapter 12', 2, '  Candles  Coffins'),
(37, 'Chapter 24', 3, '  Candles  Coffins'),
(37, 'Demon Seal', 3, '  Candles  Coffins'),
(37, 'Maple\'s Bond', 1, '  Candles  Coffins'),
(37, 'Maple\'s Bons', 1, '  Candles  Coffins'),
(37, 'Shshio\'s Wake', 1, '  Candles  Coffins'),
(37, 'Soul - Stage Five', 1, '  Candles  Coffins'),
(37, 'Summer Poem', 1, '  Candles  Coffins'),
(37, 'Umbrella\'s Guard', 1, '  Candles  Coffins'),
(37, 'Vampira\'s Secret  Stage', 1, '  Candles  Coffins'),
(37, 'Youko\'s Secret Stage', 5, '  Candles  Coffins'),
(39, 'Ame Onna Secret7', 5, '  Blood   Bats'),
(39, 'Aoandon\'s Tale Stage', 1, '  Blood   Bats'),
(39, 'Chapter 21', 1, '  Blood   Bats'),
(39, 'Chapter 22', 1, '  Blood   Bats'),
(39, 'Chapter 24', 1, '  Blood   Bats'),
(39, 'Momiji Secret', 3, '  Blood   Bats'),
(39, 'Ootengu\'s Secret', 5, '  Blood   Bats'),
(39, 'Raid/PVP', 0, '  Blood   Bats'),
(39, 'Riverside Tales6', 2, '  Blood   Bats'),
(39, 'Shshio\'s Wake', 2, '  Blood   Bats'),
(39, 'Soul - Stage Two', 1, '  Blood   Bats'),
(39, 'Umbrella\'s Guard', 2, '  Blood   Bats'),
(39, 'Vampira\'s Secret Stage', 1, '  Blood   Bats'),
(40, 'Aoandon\'s Tale Stage', 1, '  Katana   Bird  House   ProtectionPurple Dog'),
(40, 'Chapter 10', 2, '  Katana   Bird  House   ProtectionPurple Dog'),
(40, 'Maple\'s Bond', 1, '  Katana   Bird  House   ProtectionPurple Dog'),
(40, 'Soul - Stage Four', 1, '  Katana   Bird  House   ProtectionPurple Dog'),
(40, 'Spar with Friends', 0, '  Katana   Bird  House   ProtectionPurple Dog'),
(40, 'Summer Poem', 1, '  Katana   Bird  House   ProtectionPurple Dog'),
(40, 'Vampira\'s Secret Stage', 1, '  Katana   Bird  House   ProtectionPurple Dog'),
(40, 'Youko\'s Secret  Stage', 1, '  Katana   Bird  House   ProtectionPurple Dog'),
(43, 'Aoandon\'s Tale Stage', 1, '  Scarecrow   Curse NailStraw DollCursed Dart'),
(43, 'Chapter 10', 1, '  Scarecrow   Curse NailStraw DollCursed Dart'),
(43, 'Chapter 21', 5, '  Scarecrow   Curse NailStraw DollCursed Dart'),
(43, 'Cry Me a River6', 1, '  Scarecrow   Curse NailStraw DollCursed Dart'),
(43, 'Maple\'s Bond', 1, '  Scarecrow   Curse NailStraw DollCursed Dart'),
(43, 'Riverside Tales2', 2, '  Scarecrow   Curse NailStraw DollCursed Dart'),
(43, 'Riverside Tales5', 2, '  Scarecrow   Curse NailStraw DollCursed Dart'),
(43, 'Soul - Stage Five/Seven', 1, '  Scarecrow   Curse NailStraw DollCursed Dart'),
(43, 'Vampira\'s Secret Stage', 1, '  Scarecrow   Curse NailStraw DollCursed Dart'),
(43, 'Youko\'s Secret  Stage', 3, '  Scarecrow   Curse NailStraw DollCursed Dart'),
(44, 'Aoandon\'s Tale Stage', 3, ''),
(44, 'Chapter 13', 3, ''),
(44, 'Cry Me a River3', 3, ''),
(44, 'Kiyohime Secret', 5, ''),
(44, 'Maple\'s Bond', 2, ''),
(44, 'Ootengu Secret', 3, ''),
(44, 'Riverside Tales2', 3, ''),
(44, 'Umibozu\'s Secret Stage', 1, ''),
(44, 'Youko\'s Secret Stage', 1, ''),
(45, 'Ame Onna Secret7', 1, '  Katana   Armor   PetrifiedHarden'),
(45, 'Ame Onna Secret8', 4, '  Katana   Armor   PetrifiedHarden'),
(45, 'Aoandon\'s Tale Stage', 1, '  Katana   Armor   PetrifiedHarden'),
(45, 'Chapter 10', 1, '  Katana   Armor   PetrifiedHarden'),
(45, 'Chapter 21', 2, '  Katana   Armor   PetrifiedHarden'),
(45, 'Chapter 25', 1, '  Katana   Armor   PetrifiedHarden'),
(45, 'Chapter 3', 1, '  Katana   Armor   PetrifiedHarden'),
(45, 'Momiji Secret', 1, '  Katana   Armor   PetrifiedHarden'),
(45, 'Raid/PVP', 0, '  Katana   Armor   PetrifiedHarden'),
(45, 'Shshio\'s Wake', 3, '  Katana   Armor   PetrifiedHarden'),
(45, 'Soul - Orochi Stage Two', 2, '  Katana   Armor   PetrifiedHarden'),
(45, 'Umibozu\'s Secret  Stage', 1, '  Katana   Armor   PetrifiedHarden'),
(45, 'Vampira\'s Secret  Stage', 1, '  Katana   Armor   PetrifiedHarden'),
(45, 'Youko\'s Secret Stage', 1, '  Katana   Armor   PetrifiedHarden'),
(46, 'Ame Onna Secret6', 3, '  Orb   Horn  Fortune   LuckWealth'),
(46, 'Chapter 10', 4, '  Orb   Horn  Fortune   LuckWealth'),
(46, 'Chapter 2', 1, '  Orb   Horn  Fortune   LuckWealth'),
(46, 'Chapter 23', 2, '  Orb   Horn  Fortune   LuckWealth'),
(46, 'Chapter 7', 2, '  Orb   Horn  Fortune   LuckWealth'),
(46, 'Raid/PVP', 1, '  Orb   Horn  Fortune   LuckWealth'),
(46, 'Riverside Tales7', 1, '  Orb   Horn  Fortune   LuckWealth'),
(46, 'Soul - Stage Three', 3, '  Orb   Horn  Fortune   LuckWealth'),
(46, 'Umibozu\'s Secret (unreleased) Stage', 2, '  Orb   Horn  Fortune   LuckWealth'),
(46, 'Youko\'s Secret (unreleased) Stage', 2, '  Orb   Horn  Fortune   LuckWealth'),
(47, 'Aoandon\'s Tale Stage', 2, ''),
(47, 'Chapter 11', 4, ''),
(47, 'Chapter 13', 1, ''),
(47, 'Chapter 16', 1, ''),
(47, 'Chapter 9', 3, ''),
(47, 'Encounter', 3, ''),
(47, 'Momiji secret', 7, ''),
(47, 'Soul - Stage Eight', 1, ''),
(47, 'Umibozu\'s Secret Stage', 1, ''),
(47, 'Vampira\'s Secret Stage', 2, ''),
(47, 'Youko\'s Secret Stage', 2, ''),
(47, 'Yuki\'s Secret', 4, ''),
(48, 'Aoandon\'s Tale Stage', 1, '  Tears   Rain   Umbrella'),
(48, 'Chapter 4', 1, '  Tears   Rain   Umbrella'),
(48, 'Cry Me a River4', 1, '  Tears   Rain   Umbrella'),
(48, 'Maple\'s Bond', 2, '  Tears   Rain   Umbrella'),
(48, 'Riverside Tales5', 1, '  Tears   Rain   Umbrella'),
(48, 'Soul - Stage Six', 1, '  Tears   Rain   Umbrella'),
(48, 'Umibozu\'s Secret (unreleased) Stage', 5, '  Tears   Rain   Umbrella'),
(48, 'Yoto Hime Secret', 3, '  Tears   Rain   Umbrella'),
(48, 'Youko\'s Secret (unreleased) Stage', 1, '  Tears   Rain   Umbrella'),
(49, 'Ame Onna Secret4', 3, ''),
(49, 'Chapter 11', 1, ''),
(49, 'Chapter 12', 2, ''),
(49, 'Chapter 25', 2, ''),
(49, 'Kappa Secret', 3, ''),
(49, 'Umibozu\'s Secret Stage', 1, ''),
(49, 'Vampira\'s Secret  Stage', 3, ''),
(49, 'Youko\'s Secret Stage', 1, ''),
(50, 'Aoandon\'s Tale Stage', 1, 'PoisonBugs'),
(50, 'Chapter 6', 1, 'PoisonBugs'),
(50, 'Cry Me a River2', 1, 'PoisonBugs'),
(50, 'Kamaitachi Secret', 3, 'PoisonBugs'),
(50, 'Soul - Stage Six', 1, 'PoisonBugs'),
(50, 'Vampira\'s Secret (unreleased) Stage', 1, 'PoisonBugs'),
(51, 'Aoandon\'s Tale Stage', 1, '  Wings   Feather coat   Young Girl'),
(51, 'Arakawa Secret', 3, '  Wings   Feather coat   Young Girl'),
(51, 'Chapter 11', 1, '  Wings   Feather coat   Young Girl'),
(51, 'Chapter 12', 5, '  Wings   Feather coat   Young Girl'),
(51, 'Chapter 3', 8, '  Wings   Feather coat   Young Girl'),
(51, 'Riverside Tales4', 1, '  Wings   Feather coat   Young Girl'),
(51, 'Soul - Stage Two', 3, '  Wings   Feather coat   Young Girl'),
(51, 'Summer Poem', 12, '  Wings   Feather coat   Young Girl'),
(51, 'Umibozu\'s Secret Stage', 1, '  Wings   Feather coat   Young Girl'),
(51, 'Youko\'s Secret Stage', 2, '  Wings   Feather coat   Young Girl'),
(52, 'Chapter 9', 6, ''),
(52, 'Coin Spirit has 16 (best way is to line up in the team menu);', 0, ''),
(52, 'Cry Me a River3', 1, ''),
(52, 'Maple\'s Bond', 2, ''),
(52, 'Umibozu\'s Secret  Stage', 1, ''),
(52, 'Youko\'s Secret Stage', 1, ''),
(53, 'Chapter 12', 1, ''),
(53, 'Chapter 15', 1, ''),
(53, 'Chapter 28', 4, ''),
(53, 'Kamaitachi Secret', 1, ''),
(53, 'Momiji Secret', 1, ''),
(53, 'Riverside Tales4', 1, ''),
(53, 'Shshio\'s Wake', 1, ''),
(53, 'Umbrella\'s Guard', 1, ''),
(53, 'Umibozu\'s Secret Stage', 2, ''),
(53, 'Vampira\'s Secret Stage', 2, ''),
(53, 'Youko\'s Secret Stage', 1, ''),
(55, 'Aoandon\'s Tale Stage', 2, ''),
(55, 'Chapter 10', 5, ''),
(55, 'Chapter 17', 1, ''),
(55, 'Kiyohime Secret', 4, ''),
(55, 'Maple\'s Bond', 1, ''),
(55, 'Soul - Stage Nine', 1, ''),
(55, 'Summer Poem', 2, ''),
(55, 'Tip of the Storm', 3, ''),
(55, 'Umibozu\'s Secret (unreleased) Stage', 1, ''),
(55, 'Vampira\'s Secret Stage', 1, ''),
(55, 'Yoto Hime Secret', 7, ''),
(55, 'Youko\'s Secret Stage', 5, ''),
(56, 'Aoandon\'s Tale Stage', 3, '  Mini Drum  Little Fairy   CuteDrum'),
(56, 'Arakawa Secret', 3, '  Mini Drum  Little Fairy   CuteDrum'),
(56, 'Chapter 25', 1, '  Mini Drum  Little Fairy   CuteDrum'),
(56, 'Chapter 6', 1, '  Mini Drum  Little Fairy   CuteDrum'),
(56, 'Chapter 8', 2, '  Mini Drum  Little Fairy   CuteDrum'),
(56, 'Cry Me a River5', 1, '  Mini Drum  Little Fairy   CuteDrum'),
(56, 'Riverside Tales6', 2, '  Mini Drum  Little Fairy   CuteDrum'),
(56, 'Shshio\'s Wake', 1, '  Mini Drum  Little Fairy   CuteDrum'),
(56, 'Soul - Stage Three/Eight', 2, '  Mini Drum  Little Fairy   CuteDrum'),
(56, 'Summer Poem', 1, '  Mini Drum  Little Fairy   CuteDrum'),
(56, 'Umbrella\'s Guard', 1, '  Mini Drum  Little Fairy   CuteDrum'),
(56, 'Umibozu\'s Secret (unreleased) Stage', 1, '  Mini Drum  Little Fairy   CuteDrum'),
(56, 'Yoto Hime Secret', 4, '  Mini Drum  Little Fairy   CuteDrum'),
(56, 'Youko\'s Secret (unreleased) Stage', 1, '  Mini Drum  Little Fairy   CuteDrum'),
(57, 'Aoandon\'s Tale Stage', 1, '  Fan   Water   Shell   Tail'),
(57, 'Chapter 22', 1, '  Fan   Water   Shell   Tail'),
(57, 'Chapter 25', 1, '  Fan   Water   Shell   Tail'),
(57, 'Cry Me a River8', 1, '  Fan   Water   Shell   Tail'),
(57, 'Demon Seal', 3, '  Fan   Water   Shell   Tail'),
(57, 'Momiji Secret', 3, '  Fan   Water   Shell   Tail'),
(57, 'Raid/PVP', 0, '  Fan   Water   Shell   Tail'),
(57, 'Riverside Tales7', 2, '  Fan   Water   Shell   Tail'),
(57, 'Secret of Evil Blade', 1, '  Fan   Water   Shell   Tail'),
(57, 'Shshio\'s Wake', 1, '  Fan   Water   Shell   Tail'),
(57, 'Soul - Stage Three/Eight/Nine/Ten', 2, '  Fan   Water   Shell   Tail'),
(57, 'Tip of the Storm', 0, '  Fan   Water   Shell   Tail'),
(57, 'Umibozu\'s Secret (unreleased) Stage', 1, '  Fan   Water   Shell   Tail'),
(57, 'Vampira\'s Secret (unreleased) Stage', 1, '  Fan   Water   Shell   Tail'),
(57, 'Wraith of Arakawa', 1, '  Fan   Water   Shell   Tail'),
(57, 'Youko\'s Secret (unreleased) Stage', 1, '  Fan   Water   Shell   Tail'),
(58, 'Aoandon\'s Tale Stage', 2, '  Pond   Bubbles   Tail'),
(58, 'Chapter 7', 7, '  Pond   Bubbles   Tail'),
(58, 'Riverside Tales3', 3, '  Pond   Bubbles   Tail'),
(58, 'Secret of the Evil Blade', 1, '  Pond   Bubbles   Tail'),
(58, 'Shshio\'s Wake', 1, '  Pond   Bubbles   Tail'),
(58, 'Soul - Stage Two/Three/Nine', 1, '  Pond   Bubbles   Tail'),
(58, 'Summer Poem', 2, '  Pond   Bubbles   Tail'),
(58, 'Umibozu\'s Secret Stage', 7, '  Pond   Bubbles   Tail'),
(58, 'Wraith of Arakawa', 1, '  Pond   Bubbles   Tail'),
(58, 'Youko\'s Secret Stage', 1, '  Pond   Bubbles   Tail'),
(59, 'Aoandon\'s Tale Stage', 2, ''),
(59, 'Chapter 13', 1, ''),
(59, 'Chapter 16', 1, ''),
(59, 'Chapter 17', 1, ''),
(59, 'Chapter 23', 3, ''),
(59, 'Chapter 25', 2, ''),
(59, 'Chapter 9', 7, ''),
(59, 'PVP/Raid', 0, ''),
(59, 'Riverside Tales7', 1, ''),
(59, 'Shshio\'s Wake', 1, ''),
(59, 'Soul - Stage Seven', 1, ''),
(59, 'Wraith of Arakawa', 4, ''),
(59, 'Youko\'s Secret Stage', 6, ''),
(60, 'Aoandon\'s Tale Stage', 3, '  Wings   Feathers   Offering'),
(60, 'Chapter 12', 1, '  Wings   Feathers   Offering'),
(60, 'Cry Me a River4', 1, '  Wings   Feathers   Offering'),
(60, 'Kappa Secret', 3, '  Wings   Feathers   Offering'),
(60, 'Ootengu Secret', 1, '  Wings   Feathers   Offering'),
(60, 'Soul - Stage Four', 1, '  Wings   Feathers   Offering'),
(60, 'Summer Poem', 12, '  Wings   Feathers   Offering'),
(60, 'Tip of the Storm', 1, '  Wings   Feathers   Offering'),
(60, 'Umibozu\'s Secret Stage', 1, '  Wings   Feathers   Offering'),
(60, 'Yoto Hime Secret', 2, '  Wings   Feathers   Offering'),
(60, 'Youko\'s Secret Stage', 1, '  Wings   Feathers   Offering'),
(61, 'Chapter 1', 3, ''),
(61, 'Chapter 15', 5, ''),
(61, 'Chapter 18', 8, ''),
(61, 'Chapter 25', 1, ''),
(61, 'Cry Me a River5', 3, ''),
(61, 'Kiyohime Secret', 4, ''),
(61, 'Secret of Evil Blade', 3, ''),
(61, 'Summer Poem', 2, ''),
(61, 'Umbrella\'s Guard', 2, ''),
(61, 'Umibozu\'s Secret  Stage', 1, ''),
(61, 'Vampira\'s Secret Stage', 4, ''),
(61, 'Youko\'s Secret Stage', 2, ''),
(62, 'Aoandon\'s Tale Stage', 1, '  Dandelion   healingDing'),
(62, 'Chapter 21', 2, '  Dandelion   healingDing'),
(62, 'Chapter 23', 3, '  Dandelion   healingDing'),
(62, 'Cry Me a River5', 4, '  Dandelion   healingDing'),
(62, 'Demon Seal', 3, '  Dandelion   healingDing'),
(62, 'Kamaitachi Secret', 5, '  Dandelion   healingDing'),
(62, 'Ootengu Secret', 4, '  Dandelion   healingDing'),
(62, 'Raid/PvP', 0, '  Dandelion   healingDing'),
(62, 'Riverside Tales4', 1, '  Dandelion   healingDing'),
(62, 'Shshio\'s Wake', 1, '  Dandelion   healingDing'),
(62, 'Soul - Stage Two/Nine/Ten', 1, '  Dandelion   healingDing'),
(62, 'Soul Sougenbi -', 4, '  Dandelion   healingDing'),
(62, 'Umibozu\'s Secret  Stage', 2, '  Dandelion   healingDing'),
(62, 'Youko\'s Secret  Stage', 2, '  Dandelion   healingDing'),
(63, 'Aoandon\'s Tale Stage', 1, ''),
(63, 'Chapter 11', 4, ''),
(63, 'Chapter 5', 3, ''),
(63, 'Chapter 7', 1, ''),
(63, 'Cry Me a River6', 5, ''),
(63, 'Extra Chapter \"Hell Agent in training\"', 2, ''),
(63, 'Momiji Secret', 7, ''),
(63, 'Riverside Tales7', 3, ''),
(63, 'Soul - Stage Eight', 1, ''),
(63, 'Summer Poem', 3, ''),
(63, 'Umibozu\'s Secret (unreleased) Stage', 3, ''),
(63, 'Vampira\'s Secret (unreleased) Stage', 4, ''),
(63, 'Wraith of Arakawa', 3, ''),
(63, 'Youko\'s Secret (unreleased) Stage', 3, ''),
(64, 'Aoandon\'s Tale Stage', 1, '  Single Eye   Stone Buddha   Diamond Sutra'),
(64, 'Chapter 11', 6, '  Single Eye   Stone Buddha   Diamond Sutra'),
(64, 'Chapter 25 - The second Warrior Soul', 3, '  Single Eye   Stone Buddha   Diamond Sutra'),
(64, 'Maple\'s Bond', 1, '  Single Eye   Stone Buddha   Diamond Sutra'),
(64, 'Riverside Tales4', 1, '  Single Eye   Stone Buddha   Diamond Sutra'),
(64, 'Shshio\'s Wake', 1, '  Single Eye   Stone Buddha   Diamond Sutra'),
(64, 'Soul - Stage One/Five', 1, '  Single Eye   Stone Buddha   Diamond Sutra'),
(64, 'Summer Poem', 1, '  Single Eye   Stone Buddha   Diamond Sutra'),
(64, 'Tip of the Storm', 1, '  Single Eye   Stone Buddha   Diamond Sutra'),
(64, 'Youko\'s Secret (unreleased) Stage', 1, '  Single Eye   Stone Buddha   Diamond Sutra'),
(65, 'Aoandon\'s Tale Stage', 1, '  Seductive  Red Tail  Cherry Tree   Red'),
(65, 'Chapter 18', 2, '  Seductive  Red Tail  Cherry Tree   Red'),
(65, 'Chapter 6', 1, '  Seductive  Red Tail  Cherry Tree   Red'),
(65, 'Cry Me a River5', 1, '  Seductive  Red Tail  Cherry Tree   Red'),
(65, 'Cry Me a River7', 1, '  Seductive  Red Tail  Cherry Tree   Red'),
(65, 'Maple\'s Bond', 1, '  Seductive  Red Tail  Cherry Tree   Red'),
(65, 'Ootengu\'s Secret', 8, '  Seductive  Red Tail  Cherry Tree   Red'),
(65, 'Secret of Evil Blade', 3, '  Seductive  Red Tail  Cherry Tree   Red'),
(65, 'Soul - Stage One', 2, '  Seductive  Red Tail  Cherry Tree   Red'),
(65, 'Summer Poem', 3, '  Seductive  Red Tail  Cherry Tree   Red'),
(65, 'Vampira\'s Secret (unreleased) Stage', 2, '  Seductive  Red Tail  Cherry Tree   Red'),
(65, 'Youko\'s Secret (unreleased) Stage', 2, '  Seductive  Red Tail  Cherry Tree   Red'),
(66, 'Aoandon\'s Tale Stage', 2, '  Mahjong   Ceramic   CheatGambling'),
(66, 'Chapter 4', 1, '  Mahjong   Ceramic   CheatGambling'),
(66, 'Cry Me a River3', 5, '  Mahjong   Ceramic   CheatGambling'),
(66, 'Ootengu Secret', 1, '  Mahjong   Ceramic   CheatGambling'),
(66, 'Riverside Tales2', 3, '  Mahjong   Ceramic   CheatGambling'),
(66, 'Soul - Stage Three', 1, '  Mahjong   Ceramic   CheatGambling'),
(66, 'Summer Poem', 1, '  Mahjong   Ceramic   CheatGambling'),
(66, 'Vampira\'s Secret Stage', 5, '  Mahjong   Ceramic   CheatGambling'),
(66, 'Youko\'s Secret Stage', 1, '  Mahjong   Ceramic   CheatGambling'),
(67, 'Aoandon\'s Secret Stage', 6, ''),
(67, 'Chapter 10', 2, ''),
(67, 'Chapter 11', 2, ''),
(67, 'Cry Me a River6', 3, ''),
(67, 'Extra Chapter \"Hell Agent in training\"', 3, ''),
(67, 'Momiji Secret', 3, ''),
(67, 'Riverside Tales5', 3, ''),
(67, 'Shshio\'s Wake', 1, ''),
(67, 'Soul - Stage Ten', 1, ''),
(67, 'Summer Poem', 1, ''),
(67, 'Umbrella\'s Guard', 3, ''),
(67, 'Vampira\'s Secret  Stage', 2, ''),
(68, 'Aoandon\'s Tale Stage', 3, '  Singe eye   Stone hammer   Strong'),
(68, 'Chapter 16', 2, '  Singe eye   Stone hammer   Strong'),
(68, 'Chapter 8', 1, '  Singe eye   Stone hammer   Strong'),
(68, 'Maple\'s Bond', 2, '  Singe eye   Stone hammer   Strong'),
(68, 'Riverside Tales4', 3, '  Singe eye   Stone hammer   Strong'),
(68, 'Shshio\'s Wake', 3, '  Singe eye   Stone hammer   Strong'),
(68, 'Soul - Stage One', 1, '  Singe eye   Stone hammer   Strong'),
(68, 'Summer Poem', 1, '  Singe eye   Stone hammer   Strong'),
(68, 'Tip of the Storm', 3, '  Singe eye   Stone hammer   Strong'),
(68, 'Umibozu\'s Secret Stage', 2, '  Singe eye   Stone hammer   Strong'),
(68, 'Youko\'s Secret Stage', 6, '  Singe eye   Stone hammer   Strong'),
(69, 'Aoandon\'s Tale Stage', 1, ''),
(69, 'Chapter 10', 2, ''),
(69, 'Chapter 21', 1, ''),
(69, 'Chapter 5', 1, ''),
(69, 'Riverside Tales4', 3, ''),
(69, 'Shshio\'s Wake', 10, ''),
(69, 'Soul - Stage Seven', 1, ''),
(69, 'Summer Poem', 1, ''),
(69, 'Vampira\'s Secret  Stage', 1, ''),
(69, 'Youko\'s Secret Stage', 1, ''),
(70, 'Ame Onna Secret10', 8, '  Naginata Blade   Wings   Mask'),
(70, 'Aoandon\'s Tale Stage', 1, '  Naginata Blade   Wings   Mask'),
(70, 'Arakawa Secret', 4, '  Naginata Blade   Wings   Mask'),
(70, 'Chapter 12', 8, '  Naginata Blade   Wings   Mask'),
(70, 'Chapter 17', 1, '  Naginata Blade   Wings   Mask'),
(70, 'Chapter 18', 3, '  Naginata Blade   Wings   Mask'),
(70, 'Chapter 25', 3, '  Naginata Blade   Wings   Mask'),
(70, 'Chapter 3', 1, '  Naginata Blade   Wings   Mask'),
(70, 'Chapter 9', 3, '  Naginata Blade   Wings   Mask'),
(70, 'Maple\'s Bond', 3, '  Naginata Blade   Wings   Mask'),
(70, 'Ootengu\'s Secret', 4, '  Naginata Blade   Wings   Mask'),
(70, 'Riverside Tales9', 2, '  Naginata Blade   Wings   Mask'),
(70, 'Soul - Stage Six', 1, '  Naginata Blade   Wings   Mask'),
(70, 'Summer Poem', 3, '  Naginata Blade   Wings   Mask'),
(70, 'Umbrella\' Guard', 2, '  Naginata Blade   Wings   Mask'),
(70, 'Umibozu\'s Secret Stage', 4, '  Naginata Blade   Wings   Mask'),
(70, 'Vampira\'s Secret  Stage', 2, '  Naginata Blade   Wings   Mask'),
(70, 'Yoto Hime Secret', 1, '  Naginata Blade   Wings   Mask'),
(70, 'Youko\'s Secret  Stage', 1, '  Naginata Blade   Wings   Mask'),
(71, 'Chapter 23', 1, '  Water ball   river   Water Lily LeafPond'),
(71, 'Chapter 7', 1, '  Water ball   river   Water Lily LeafPond'),
(71, 'Cry Me a River5', 5, '  Water ball   river   Water Lily LeafPond'),
(71, 'Riverside Tales4', 1, '  Water ball   river   Water Lily LeafPond'),
(71, 'Secret of Evil Blade', 1, '  Water ball   river   Water Lily LeafPond'),
(71, 'Shshio\'s Wake', 2, '  Water ball   river   Water Lily LeafPond'),
(71, 'Soul - Stage Two', 1, '  Water ball   river   Water Lily LeafPond'),
(71, 'Summer Poem', 4, '  Water ball   river   Water Lily LeafPond'),
(71, 'Umibozu\'s Secret Stage', 8, '  Water ball   river   Water Lily LeafPond'),
(71, 'Vampira\'s Secret Stage', 1, '  Water ball   river   Water Lily LeafPond'),
(71, 'Wraith of Arakawa', 3, '  Water ball   river   Water Lily LeafPond'),
(71, 'Youko\'s Secret Stage', 2, '  Water ball   river   Water Lily LeafPond'),
(72, 'Ame Onna Secret4', 4, ''),
(72, 'Aoandon\'s Tale Stage', 3, ''),
(72, 'Chapter 13', 1, ''),
(72, 'Chapter 4', 9, ''),
(72, 'Chapter 8', 1, ''),
(72, 'Encounter', 1, ''),
(72, 'Shshio\'s Wake', 3, ''),
(72, 'Ubume Secret', 3, ''),
(72, 'Umibozu\'s Secret  Stage', 4, ''),
(72, 'Youko\'s Secret Stage', 3, ''),
(73, 'Aoandon\'s Tale Stage', 4, ''),
(73, 'Chapter 10', 1, ''),
(73, 'Chapter 15', 1, ''),
(73, 'Chapter 16', 4, ''),
(73, 'Chapter 23', 3, ''),
(73, 'Chapter 3', 2, ''),
(73, 'Cry Me a River7', 1, ''),
(73, 'Kiyohime\'s Secret Zone', 4, ''),
(73, 'Maple\'s Bond', 1, ''),
(73, 'Riverside Tales6', 1, ''),
(73, 'Shshio\'s Wake', 3, ''),
(73, 'Summer Poem', 4, ''),
(73, 'Tip of the Storm', 1, ''),
(73, 'Umibozu\'s Secret (unreleased) Stage', 2, ''),
(73, 'Vampira\'s Secret (unreleased) Stage', 4, ''),
(73, 'Wraith of Arakawa', 1, ''),
(73, 'Youko\'s Secret (unreleased) Stage', 1, ''),
(74, 'Aoandon\'s Tale Stage', 1, ''),
(74, 'Arakawa Secret', 3, ''),
(74, 'Chapter 11 - The first Warrior Soul', 3, ''),
(74, 'Chapter 12', 1, ''),
(74, 'Chapter 16', 3, ''),
(74, 'Chapter 2', 4, ''),
(74, 'Chapter 3', 3, ''),
(74, 'Chapter 5', 1, ''),
(74, 'Chapter 7', 1, ''),
(74, 'Shshio\'s Secret', 1, ''),
(74, 'Umibozu\'s Secret Stage', 3, ''),
(74, 'Vampira\'s Secret Stage', 3, ''),
(74, 'Youko\'s Secret Stage', 3, ''),
(75, 'Ame Onna Secret5', 3, ''),
(75, 'Arakawa Secret', 3, ''),
(75, 'Chapter 12', 1, ''),
(75, 'Chapter 2', 4, ''),
(75, 'Chapter 23', 4, ''),
(75, 'Riverside Tales4', 1, ''),
(75, 'Secret of the Evil Blade', 3, ''),
(75, 'Shshio\'s Wake', 2, ''),
(75, 'Summer Poem', 3, ''),
(75, 'Umbrella\'s Guard', 3, ''),
(75, 'Umibozu\'s Secret Stage', 3, ''),
(75, 'Vampira\'s Secret Stage', 3, ''),
(75, 'Youko\'s Secret Stage', 3, ''),
(76, 'Aoandon\'s Tale Stage', 2, '  Blue skin   Kite'),
(76, 'Chapter 10', 2, '  Blue skin   Kite'),
(76, 'Chapter 11', 2, '  Blue skin   Kite'),
(76, 'Chapter 2', 1, '  Blue skin   Kite'),
(76, 'Chapter 5', 2, '  Blue skin   Kite'),
(76, 'Chapter 6', 1, '  Blue skin   Kite'),
(76, 'Chapter 8', 2, '  Blue skin   Kite'),
(76, 'Encounter', 7, '  Blue skin   Kite'),
(76, 'Extra Chapter \"Hell Agent in training\"', 2, '  Blue skin   Kite'),
(76, 'Riverside Tales10', 1, '  Blue skin   Kite'),
(76, 'Shshio\'s Wake', 3, '  Blue skin   Kite'),
(76, 'Soul - Stage One', 1, '  Blue skin   Kite'),
(76, 'Summer Poem', 3, '  Blue skin   Kite'),
(76, 'Umbrella\'s Guard', 1, '  Blue skin   Kite'),
(76, 'Umibozu\'s Secret (unreleased) Stage', 1, '  Blue skin   Kite'),
(76, 'Vampira\'s Secret (unreleased) Stage', 2, '  Blue skin   Kite'),
(76, 'Yoto Hime Secret', 9, '  Blue skin   Kite'),
(76, 'Youko\'s Secret (unreleased) Stage', 3, '  Blue skin   Kite'),
(77, 'Chapter 12', 1, '  Drum   Single Eye'),
(77, 'Chapter 3', 2, '  Drum   Single Eye'),
(77, 'Chapter 5', 4, '  Drum   Single Eye'),
(77, 'Chapter 8', 2, '  Drum   Single Eye'),
(77, 'Encounter', 6, '  Drum   Single Eye'),
(77, 'Maple\'s Bond', 1, '  Drum   Single Eye'),
(77, 'Riverside Tales7', 1, '  Drum   Single Eye'),
(77, 'Shshio\'s Wake', 3, '  Drum   Single Eye'),
(77, 'Soul - Stage One', 1, '  Drum   Single Eye'),
(77, 'Tip of the Storm', 1, '  Drum   Single Eye'),
(77, 'Umbrella\'s Guard', 1, '  Drum   Single Eye'),
(77, 'Umibozu\'s Secret Stage', 3, '  Drum   Single Eye'),
(77, 'Vampira\'s Secret', 3, '  Drum   Single Eye'),
(77, 'Youko\'s Secret Stage', 3, '  Drum   Single Eye'),
(78, 'Chapter 11', 2, '  Red Ghost   Slapping Butt'),
(78, 'Chapter 13', 4, '  Red Ghost   Slapping Butt'),
(78, 'Chapter 14', 6, '  Red Ghost   Slapping Butt'),
(78, 'Chapter 15', 2, '  Red Ghost   Slapping Butt'),
(78, 'Chapter 4', 5, '  Red Ghost   Slapping Butt'),
(78, 'Chapter 5', 6, '  Red Ghost   Slapping Butt'),
(78, 'Chapter 6', 2, '  Red Ghost   Slapping Butt'),
(78, 'Chapter 7', 2, '  Red Ghost   Slapping Butt'),
(78, 'Encounters', 3, '  Red Ghost   Slapping Butt'),
(78, 'Riverside Tales10', 1, '  Red Ghost   Slapping Butt'),
(78, 'Shshio\'s Wake', 4, '  Red Ghost   Slapping Butt'),
(78, 'Soul - Stage One', 2, '  Red Ghost   Slapping Butt'),
(78, 'Summer Poem', 3, '  Red Ghost   Slapping Butt'),
(78, 'Umibozu\'s Secret (unreleased) Stage', 3, '  Red Ghost   Slapping Butt'),
(78, 'Vampira\'s Secret (unreleased) Stage', 1, '  Red Ghost   Slapping Butt'),
(78, 'Youko\'s Secret (unreleased) Stage', 4, '  Red Ghost   Slapping Butt'),
(79, 'Chapter 1', 3, ''),
(79, 'Chapter 13', 2, ''),
(79, 'Chapter 15', 1, ''),
(79, 'Chapter 2', 2, ''),
(79, 'Chapter 5', 3, ''),
(79, 'Chapter 6', 6, ''),
(79, 'Chapter 8', 1, ''),
(79, 'Demon Seal', 20, ''),
(79, 'Encounter', 25, ''),
(79, 'Extra Chapter \"Hell Agent in training\"', 3, ''),
(79, 'Riverside Tales10', 1, ''),
(79, 'Secret of the Evil Blade', 1, ''),
(79, 'Shshio\'s Wake', 3, ''),
(79, 'Umibozu\'s Secret (unreleased) Stage', 1, ''),
(79, 'Vampira\'s Secret', 3, ''),
(79, 'Youko\'s Secret Stage', 1, ''),
(80, 'Aoandon Secret Stage', 3, ''),
(80, 'Chapter 12', 1, ''),
(80, 'Chapter 14', 1, ''),
(80, 'Chapter 2', 1, ''),
(80, 'Chapter 3', 3, ''),
(80, 'Chapter 4', 3, ''),
(80, 'Chapter 5', 1, ''),
(80, 'Chapter 6', 3, ''),
(80, 'Chapter 7', 4, ''),
(80, 'Chapter 8', 7, ''),
(80, 'Chapter 9', 5, ''),
(80, 'Encounters', 13, ''),
(80, 'Ootengu Secret', 7, ''),
(80, 'Shshio Secret', 1, ''),
(80, 'Ubume Secret', 3, ''),
(80, 'Umibozu\'s Secret Stage', 3, ''),
(80, 'Vampira\'s Secret Stage', 3, ''),
(80, 'Youko\'s Secret Stage', 3, ''),
(81, 'Aoandon\'s Tale Stage', 3, '  Stone   MossWall'),
(81, 'Chapter 11', 2, '  Stone   MossWall'),
(81, 'Chapter 12', 3, '  Stone   MossWall'),
(81, 'Chapter 14', 6, '  Stone   MossWall'),
(81, 'Chapter 3', 3, '  Stone   MossWall'),
(81, 'Chapter 4', 13, '  Stone   MossWall'),
(81, 'Chapter 5', 6, '  Stone   MossWall'),
(81, 'Chapter 6', 1, '  Stone   MossWall'),
(81, 'Chapter 7', 5, '  Stone   MossWall'),
(81, 'Chapter 8', 5, '  Stone   MossWall'),
(81, 'Demon Seal', 5, '  Stone   MossWall'),
(81, 'Maple\'s Bond', 1, '  Stone   MossWall'),
(81, 'Soul - Stage One', 1, '  Stone   MossWall'),
(81, 'Umbrella\'s Guard', 1, '  Stone   MossWall'),
(81, 'Umibozu\'s Secret Stage', 1, '  Stone   MossWall'),
(81, 'Vampira\'s Secret Stage', 3, '  Stone   MossWall'),
(81, 'Youko\'s Secret  Stage', 3, '  Stone   MossWall'),
(81, 'Yuki Secret', 3, '  Stone   MossWall'),
(82, 'Aoandon\'s Tale Stage', 3, ''),
(82, 'Chapter 1', 3, ''),
(82, 'Chapter 12', 2, ''),
(82, 'Chapter 15', 1, ''),
(82, 'Chapter 3', 5, ''),
(82, 'Chapter 7', 1, ''),
(82, 'Chapter 8', 2, ''),
(82, 'Chapter 9', 1, ''),
(82, 'Demon Seal', 14, ''),
(82, 'Kamaitachi Secret', 3, ''),
(82, 'Kappa Secret', 3, ''),
(82, 'Shshio\'s Wake', 4, ''),
(82, 'Umibozu\'s Secret Stage', 3, ''),
(82, 'Vampira\'s Secret Stage', 3, ''),
(82, 'Youko\'s Secret Stage', 1, ''),
(83, 'Aoandon\'s Tale Stage', 3, ''),
(83, 'Chapter 1', 4, ''),
(83, 'Chapter 13', 1, ''),
(83, 'Chapter 17', 1, ''),
(83, 'Chapter 2', 4, ''),
(83, 'Chapter 3', 4, ''),
(83, 'Chapter 5', 1, ''),
(83, 'Chapter 6', 1, ''),
(83, 'Chapter 7', 1, ''),
(83, 'Chapter 9', 5, ''),
(83, 'Riverside Tales9', 2, ''),
(83, 'Shshio\'s Wake', 3, ''),
(83, 'Summer Poem', 2, ''),
(83, 'Umbrella\'s Guard', 1, ''),
(83, 'Umibozu\'s Secret (unreleased) Stage', 3, ''),
(83, 'Vampira\'s Secret (unreleased) Stage', 3, ''),
(83, 'Wraith of Arakawa', 3, ''),
(83, 'Youko\'s Secret (unreleased) Stage', 3, ''),
(147, 'Chapter 5', 1, ''),
(147, 'Kappa Secret', 3, ''),
(148, 'Aoandon\'s Tale Stage', 3, ''),
(148, 'Chapter 1', 2, ''),
(148, 'Chapter 28', 3, ''),
(148, 'Chapter 7', 6, ''),
(148, 'Kiyohime Secret', 13, ''),
(148, 'Umibozu\'s Secret Stage', 3, ''),
(148, 'Vampira\'s Secret Stage', 3, '');

--
-- Indexes for dumped tables
--

--
-- Indexes for table `characters`
--
ALTER TABLE `characters`
  ADD PRIMARY KEY (`id`);

--
-- Indexes for table `guide`
--
ALTER TABLE `guide`
  ADD PRIMARY KEY (`id_char`,`id_soul`),
  ADD KEY `id_soul` (`id_soul`);

--
-- Indexes for table `soul`
--
ALTER TABLE `soul`
  ADD PRIMARY KEY (`id`);

--
-- Indexes for table `wanted_quest`
--
ALTER TABLE `wanted_quest`
  ADD PRIMARY KEY (`id_char`,`place`);

--
-- AUTO_INCREMENT for dumped tables
--

--
-- AUTO_INCREMENT for table `characters`
--
ALTER TABLE `characters`
  MODIFY `id` int(11) NOT NULL AUTO_INCREMENT, AUTO_INCREMENT=149;

--
-- AUTO_INCREMENT for table `soul`
--
ALTER TABLE `soul`
  MODIFY `id` int(11) NOT NULL AUTO_INCREMENT, AUTO_INCREMENT=45;

--
-- Constraints for dumped tables
--

--
-- Constraints for table `guide`
--
ALTER TABLE `guide`
  ADD CONSTRAINT `guide_ibfk_1` FOREIGN KEY (`id_char`) REFERENCES `characters` (`id`),
  ADD CONSTRAINT `guide_ibfk_2` FOREIGN KEY (`id_soul`) REFERENCES `soul` (`id`);

--
-- Constraints for table `wanted_quest`
--
ALTER TABLE `wanted_quest`
  ADD CONSTRAINT `wanted_quest_ibfk_1` FOREIGN KEY (`id_char`) REFERENCES `characters` (`id`);
COMMIT;

/*!40101 SET CHARACTER_SET_CLIENT=@OLD_CHARACTER_SET_CLIENT */;
/*!40101 SET CHARACTER_SET_RESULTS=@OLD_CHARACTER_SET_RESULTS */;
/*!40101 SET COLLATION_CONNECTION=@OLD_COLLATION_CONNECTION */;
